URL,Title,Timestamp
"https://www.facebook.com","Facebook Home #1","2026-07-10 15:23:28"
"https://www.reddit.com","Reddit Discussion #2","2026-07-10 15:33:28"
"https://www.twitter.com","Twitter Feed #3","2026-07-10 15:43:28"
"https://www.wikipedia.org","Wikipedia Article #4","2026-07-10 15:53:28"
"https://www.wikipedia.org","Wikipedia Article #5","2026-07-10 16:03:28"
"https://www.youtube.com","YouTube Video #6","2026-07-10 16:13:28"
"https://www.reddit.com","Reddit Discussion #7","2026-07-10 16:23:28"
"https://www.youtube.com","YouTube Video #8","2026-07-10 16:33:28"
"https://www.google.com","Google Search #9","2026-07-10 16:43:28"
"https://www.linkedin.com","LinkedIn Profile #10","2026-07-10 16:53:28"
"https://www.reddit.com","Reddit Discussion #11","2026-07-10 17:03:28"
"https://www.wikipedia.org","Wikipedia Article #12","2026-07-10 17:13:28"
"https://www.google.com","Google Search #13","2026-07-10 17:23:28"
"https://www.twitter.com","Twitter Feed #14","2026-07-10 17:33:28"
"https://www.reddit.com","Reddit Discussion #15","2026-07-10 17:43:28"
"https://www.twitter.com","Twitter Feed #16","2026-07-10 17:53:28"
"https://www.reddit.com","Reddit Discussion #17","2026-07-10 18:03:28"
"https://www.youtube.com","YouTube Video #18","2026-07-10 18:13:28"
"https://www.google.com","Google Search #19","2026-07-10 18:23:28"
"https://www.twitter.com","Twitter Feed #20","2026-07-10 18:33:28"
"https://www.wikipedia.org","Wikipedia Article #21","2026-07-10 18:43:28"
"https://www.google.com","Google Search #22","2026-07-10 18:53:28"
"https://www.linkedin.com","LinkedIn Profile #23","2026-07-10 19:03:28"
"https://www.youtube.com","YouTube Video #24","2026-07-10 19:13:28"
"https://www.facebook.com","Facebook Home #25","2026-07-10 19:23:28"
"https://www.google.com","Google Search #26","2026-07-10 19:33:28"
"https://www.facebook.com","Facebook Home #27","2026-07-10 19:43:28"
"https://www.wikipedia.org","Wikipedia Article #28","2026-07-10 19:53:28"
"https://www.twitter.com","Twitter Feed #29","2026-07-10 20:03:28"
"https://www.youtube.com","YouTube Video #30","2026-07-10 20:13:28"
"https://www.reddit.com","Reddit Discussion #31","2026-07-10 20:23:28"
"https://www.youtube.com","YouTube Video #32","2026-07-10 20:33:28"
"https://www.reddit.com","Reddit Discussion #33","2026-07-10 20:43:28"
"https://www.twitter.com","Twitter Feed #34","2026-07-10 20:53:28"
"https://www.twitter.com","Twitter Feed #35","2026-07-10 21:03:28"
"https://www.reddit.com","Reddit Discussion #36","2026-07-10 21:13:28"
"https://www.twitter.com","Twitter Feed #37","2026-07-10 21:23:28"
"https://www.github.com","GitHub Repository #38","2026-07-10 21:33:28"
"https://www.youtube.com","YouTube Video #39","2026-07-10 21:43:28"
"https://www.google.com","Google Search #40","2026-07-10 21:53:28"
"https://www.google.com","Google Search #41","2026-07-10 22:03:28"
"https://www.youtube.com","YouTube Video #42","2026-07-10 22:13:28"
"https://www.youtube.com","YouTube Video #43","2026-07-10 22:23:28"
"https://www.github.com","GitHub Repository #44","2026-07-10 22:33:28"
"https://www.youtube.com","YouTube Video #45","2026-07-10 22:43:28"
"https://www.github.com","GitHub Repository #46","2026-07-10 22:53:28"
"https://www.youtube.com","YouTube Video #47","2026-07-10 23:03:28"
"https://www.wikipedia.org","Wikipedia Article #48","2026-07-10 23:13:28"
"https://www.github.com","GitHub Repository #49","2026-07-10 23:23:28"
"https://www.github.com","GitHub Repository #50","2026-07-10 23:33:28"
